{
  "svd": {
    "cosine": {
      "recall_loo": 1.0,
      "mean_score": 0.539669,
      "std_score": 0.050412,
      "individual_scores": [
        0.509701,
        0.649432,
        0.495864,
        0.508345,
        0.566991,
        0.505165,
        0.542181
      ]
    },
    "ocsvm": {
      "recall_loo": 0.7143,
      "mean_score": 1e-06,
      "std_score": 1e-06,
      "individual_scores": [
        4e-06,
        -0.0,
        1e-06,
        2e-06,
        1e-06,
        1e-06,
        0.0
      ],
      "params": {
        "nu": 0.2,
        "gamma": "auto",
        "kernel": "rbf"
      }
    },
    "isolation_forest": {
      "recall_loo": 0.8571,
      "mean_score": -0.483354,
      "std_score": 0.035147,
      "individual_scores": [
        -0.474592,
        -0.563689,
        -0.455671,
        -0.448044,
        -0.484173,
        -0.473233,
        -0.484074
      ],
      "params": {
        "n_estimators": 100,
        "contamination": 0.1
      }
    }
  },
  "random": {
    "cosine": {
      "recall_loo": 1.0,
      "mean_score": 0.464772,
      "std_score": 0.083411,
      "individual_scores": [
        0.520073,
        0.618492,
        0.384124,
        0.410206,
        0.42427,
        0.376224,
        0.520012
      ]
    },
    "ocsvm": {
      "recall_loo": 0.7143,
      "mean_score": 2e-06,
      "std_score": 3e-06,
      "individual_scores": [
        1e-05,
        -0.0,
        2e-06,
        2e-06,
        1e-06,
        1e-06,
        -1e-06
      ],
      "params": {
        "nu": 0.2,
        "gamma": "auto",
        "kernel": "rbf"
      }
    },
    "isolation_forest": {
      "recall_loo": 1.0,
      "mean_score": -0.481461,
      "std_score": 0.02166,
      "individual_scores": [
        -0.504843,
        -0.522619,
        -0.457842,
        -0.47093,
        -0.469797,
        -0.466482,
        -0.477712
      ],
      "params": {
        "n_estimators": 100,
        "contamination": 0.1
      }
    }
  }
}