{
  "n_proteins": 7,
  "n_components": 500,
  "profile_norm": 0.01891281269490719,
  "proteins_used": [
    "IL12B_HUMAN",
    "IL23A_HUMAN",
    "IL23R_HUMAN",
    "TNAP3_HUMAN",
    "TNIP1_HUMAN",
    "CIKS_HUMAN",
    "HLAC_HUMAN"
  ],
  "distances_to_mean": {
    "IL12B_HUMAN": {
      "euclidean": 0.02971971221268177,
      "cosine": 0.5097006559371948
    },
    "IL23A_HUMAN": {
      "euclidean": 0.04636721312999725,
      "cosine": 0.6494317650794983
    },
    "IL23R_HUMAN": {
      "euclidean": 0.023785460740327835,
      "cosine": 0.49586424231529236
    },
    "TNAP3_HUMAN": {
      "euclidean": 0.021556425839662552,
      "cosine": 0.5083451867103577
    },
    "TNIP1_HUMAN": {
      "euclidean": 0.02731328085064888,
      "cosine": 0.5669915080070496
    },
    "CIKS_HUMAN": {
      "euclidean": 0.026086881756782532,
      "cosine": 0.5051648616790771
    },
    "HLAC_HUMAN": {
      "euclidean": 0.0295113418251276,
      "cosine": 0.542181134223938
    }
  }
}