{
  "model": "random_forest",
  "n_components": 1000,
  "n_folds": 10,
  "n_samples": 223,
  "n_positive": 111,
  "n_negative": 112,
  "best_params": {
    "max_depth": null,
    "n_estimators": 200
  },
  "metrics": {
    "accuracy": {
      "mean": 0.9505928853754939,
      "std": 0.024604544660056796
    },
    "f1": {
      "mean": 0.9491614906832299,
      "std": 0.024934897164698135
    },
    "precision": {
      "mean": 0.9762820512820513,
      "std": 0.049987671063799755
    },
    "sensitivity": {
      "mean": 0.928030303030303,
      "std": 0.054339890425543325
    },
    "specificity": {
      "mean": 0.9727272727272729,
      "std": 0.058210220340298616
    },
    "roc_auc": {
      "mean": 0.9927685950413222,
      "std": 0.009967209023224566
    },
    "mcc": {
      "mean": 0.9064365421700838,
      "std": 0.045029017572661444
    }
  }
}