{
  "model": "logistic_regression",
  "n_components": 500,
  "n_folds": 10,
  "n_samples": 223,
  "n_positive": 111,
  "n_negative": 112,
  "best_params": {
    "model__C": 0.1
  },
  "metrics": {
    "accuracy": {
      "mean": 0.9373517786561265,
      "std": 0.045222383565867726
    },
    "f1": {
      "mean": 0.9373706004140787,
      "std": 0.048002328243054004
    },
    "precision": {
      "mean": 0.9229487179487178,
      "std": 0.04361405807536655
    },
    "sensitivity": {
      "mean": 0.9553030303030303,
      "std": 0.0728573647086312
    },
    "specificity": {
      "mean": 0.9189393939393937,
      "std": 0.04886804067536405
    },
    "roc_auc": {
      "mean": 0.9865702479338843,
      "std": 0.01569054328620077
    },
    "mcc": {
      "mean": 0.8780067920206605,
      "std": 0.08955483675452515
    }
  }
}