{
  "model": "gradient_boosting",
  "n_components": 400,
  "n_folds": 10,
  "n_samples": 223,
  "n_positive": 111,
  "n_negative": 112,
  "best_params": {
    "learning_rate": 0.1,
    "n_estimators": 200
  },
  "metrics": {
    "accuracy": {
      "mean": 0.865612648221344,
      "std": 0.03987983638143695
    },
    "f1": {
      "mean": 0.8692515600341688,
      "std": 0.04114410898717372
    },
    "precision": {
      "mean": 0.8500410700410701,
      "std": 0.07292835453627124
    },
    "sensitivity": {
      "mean": 0.9007575757575756,
      "std": 0.08587381029607244
    },
    "specificity": {
      "mean": 0.831060606060606,
      "std": 0.1011895501960085
    },
    "roc_auc": {
      "mean": 0.9573002754820937,
      "std": 0.03046070922545083
    },
    "mcc": {
      "mean": 0.7437499675213146,
      "std": 0.07533109110582767
    }
  }
}