{
  "model": "svm",
  "n_components": 300,
  "n_folds": 10,
  "n_samples": 223,
  "n_positive": 111,
  "n_negative": 112,
  "best_params": {
    "model__C": 10,
    "model__gamma": "scale"
  },
  "metrics": {
    "accuracy": {
      "mean": 0.9286561264822135,
      "std": 0.044879068900242194
    },
    "f1": {
      "mean": 0.9245293668954997,
      "std": 0.0487251480537773
    },
    "precision": {
      "mean": 0.9662820512820514,
      "std": 0.0540777984391346
    },
    "sensitivity": {
      "mean": 0.8916666666666668,
      "std": 0.07945882728910475
    },
    "specificity": {
      "mean": 0.9643939393939395,
      "std": 0.05965638522003039
    },
    "roc_auc": {
      "mean": 0.9847107438016529,
      "std": 0.017315972594840478
    },
    "mcc": {
      "mean": 0.8636479362025808,
      "std": 0.08600750303357932
    }
  }
}