{
  "model": "random_forest",
  "n_components": 300,
  "n_folds": 10,
  "n_samples": 223,
  "n_positive": 111,
  "n_negative": 112,
  "best_params": {
    "max_depth": 10,
    "n_estimators": 200
  },
  "metrics": {
    "accuracy": {
      "mean": 0.932608695652174,
      "std": 0.045834892628249094
    },
    "f1": {
      "mean": 0.929708262751741,
      "std": 0.047646701770584915
    },
    "precision": {
      "mean": 0.9634848484848485,
      "std": 0.04487739649593596
    },
    "sensitivity": {
      "mean": 0.9015151515151516,
      "std": 0.07399463907318046
    },
    "specificity": {
      "mean": 0.9636363636363636,
      "std": 0.04453617714151235
    },
    "roc_auc": {
      "mean": 0.9887741046831955,
      "std": 0.00936259240742186
    },
    "mcc": {
      "mean": 0.8696802475801213,
      "std": 0.08997451684145381
    }
  }
}