{
  "model": "logistic_regression",
  "n_components": 300,
  "n_folds": 10,
  "n_samples": 223,
  "n_positive": 111,
  "n_negative": 112,
  "best_params": {
    "model__C": 0.1
  },
  "metrics": {
    "accuracy": {
      "mean": 0.9373517786561264,
      "std": 0.04522238356586773
    },
    "f1": {
      "mean": 0.938184641445511,
      "std": 0.04631349247737186
    },
    "precision": {
      "mean": 0.9243822843822844,
      "std": 0.05529439706047562
    },
    "sensitivity": {
      "mean": 0.9553030303030303,
      "std": 0.060459102129481135
    },
    "specificity": {
      "mean": 0.918939393939394,
      "std": 0.06356868695696416
    },
    "roc_auc": {
      "mean": 0.9760330578512397,
      "std": 0.02109012897567297
    },
    "mcc": {
      "mean": 0.8779572320042034,
      "std": 0.08881907345922736
    }
  }
}