{
  "model": "logistic_regression",
  "n_components": 1000,
  "n_folds": 10,
  "n_samples": 223,
  "n_positive": 111,
  "n_negative": 112,
  "best_params": {
    "model__C": 0.1
  },
  "metrics": {
    "accuracy": {
      "mean": 0.9735177865612649,
      "std": 0.0290883312141883
    },
    "f1": {
      "mean": 0.9725424430641822,
      "std": 0.031794838738059814
    },
    "precision": {
      "mean": 0.9756410256410255,
      "std": 0.03724574114444603
    },
    "sensitivity": {
      "mean": 0.9727272727272727,
      "std": 0.058210220340298616
    },
    "specificity": {
      "mean": 0.9734848484848484,
      "std": 0.04054976876082619
    },
    "roc_auc": {
      "mean": 0.9984159779614326,
      "std": 0.0031717848318648565
    },
    "mcc": {
      "mean": 0.9495901539204533,
      "std": 0.05494486388852268
    }
  }
}