{
  "model": "knn",
  "n_components": 400,
  "n_folds": 10,
  "n_samples": 223,
  "n_positive": 111,
  "n_negative": 112,
  "best_params": {
    "model__n_neighbors": 3
  },
  "metrics": {
    "accuracy": {
      "mean": 0.824901185770751,
      "std": 0.08393604267784194
    },
    "f1": {
      "mean": 0.8491439719700589,
      "std": 0.06819517562169425
    },
    "precision": {
      "mean": 0.7642652445593623,
      "std": 0.09629923545528704
    },
    "sensitivity": {
      "mean": 0.9643939393939392,
      "std": 0.05965638522003039
    },
    "specificity": {
      "mean": 0.6871212121212121,
      "std": 0.15384757760519413
    },
    "roc_auc": {
      "mean": 0.9005165289256197,
      "std": 0.04558205100539901
    },
    "mcc": {
      "mean": 0.683373617219391,
      "std": 0.14812257962893924
    }
  }
}