{
  "model": "naive_bayes",
  "n_components": 300,
  "n_folds": 10,
  "n_samples": 223,
  "n_positive": 111,
  "n_negative": 112,
  "best_params": {
    "var_smoothing": 1e-09
  },
  "metrics": {
    "accuracy": {
      "mean": 0.7039525691699605,
      "std": 0.1231331560771249
    },
    "f1": {
      "mean": 0.6520128966918575,
      "std": 0.15314161594919093
    },
    "precision": {
      "mean": 0.7711904761904762,
      "std": 0.14563786165448706
    },
    "sensitivity": {
      "mean": 0.5780303030303029,
      "std": 0.17656716622103846
    },
    "specificity": {
      "mean": 0.8280303030303031,
      "std": 0.11872688987826342
    },
    "roc_auc": {
      "mean": 0.7320247933884297,
      "std": 0.1584790507089771
    },
    "mcc": {
      "mean": 0.42454300633595404,
      "std": 0.24623157702458306
    }
  }
}