{
  "model": "knn",
  "n_components": 300,
  "n_folds": 10,
  "n_samples": 223,
  "n_positive": 111,
  "n_negative": 112,
  "best_params": {
    "model__n_neighbors": 3
  },
  "metrics": {
    "accuracy": {
      "mean": 0.8116600790513834,
      "std": 0.08436235525038974
    },
    "f1": {
      "mean": 0.8390899891934375,
      "std": 0.06510304793647405
    },
    "precision": {
      "mean": 0.7460286935286936,
      "std": 0.08575712794333738
    },
    "sensitivity": {
      "mean": 0.9643939393939392,
      "std": 0.043657665255223986
    },
    "specificity": {
      "mean": 0.6606060606060608,
      "std": 0.14724279531219808
    },
    "roc_auc": {
      "mean": 0.8956267217630852,
      "std": 0.042103905916699845
    },
    "mcc": {
      "mean": 0.6572390351760313,
      "std": 0.14886140706626189
    }
  }
}