{
  "model": "gradient_boosting",
  "n_components": 300,
  "n_folds": 10,
  "n_samples": 223,
  "n_positive": 111,
  "n_negative": 112,
  "best_params": {
    "learning_rate": 0.2,
    "n_estimators": 200
  },
  "metrics": {
    "accuracy": {
      "mean": 0.88300395256917,
      "std": 0.06192302301206684
    },
    "f1": {
      "mean": 0.8866589497459062,
      "std": 0.05607744496041836
    },
    "precision": {
      "mean": 0.8665734265734265,
      "std": 0.06674917465924263
    },
    "sensitivity": {
      "mean": 0.9098484848484848,
      "std": 0.05754085864169164
    },
    "specificity": {
      "mean": 0.8560606060606061,
      "std": 0.08436006610348515
    },
    "roc_auc": {
      "mean": 0.9660468319559229,
      "std": 0.023345075770756785
    },
    "mcc": {
      "mean": 0.7685278791574701,
      "std": 0.1224597431000074
    }
  }
}