{
  "model": "svm",
  "n_components": 1000,
  "n_folds": 10,
  "n_samples": 223,
  "n_positive": 111,
  "n_negative": 112,
  "best_params": {
    "model__C": 10,
    "model__gamma": "scale"
  },
  "metrics": {
    "accuracy": {
      "mean": 0.9505928853754941,
      "std": 0.03136009329669035
    },
    "f1": {
      "mean": 0.9473664596273291,
      "std": 0.03548265003499831
    },
    "precision": {
      "mean": 0.9839743589743589,
      "std": 0.032083317323697944
    },
    "sensitivity": {
      "mean": 0.9181818181818182,
      "std": 0.0755147623901643
    },
    "specificity": {
      "mean": 0.9818181818181818,
      "std": 0.036363636363636376
    },
    "roc_auc": {
      "mean": 0.9944214876033058,
      "std": 0.007226155775546151
    },
    "mcc": {
      "mean": 0.9069077319564107,
      "std": 0.05795853309483315
    }
  }
}