{
  "model": "knn",
  "n_components": 500,
  "n_folds": 10,
  "n_samples": 223,
  "n_positive": 111,
  "n_negative": 112,
  "best_params": {
    "model__n_neighbors": 3
  },
  "metrics": {
    "accuracy": {
      "mean": 0.824901185770751,
      "std": 0.07390987290022885
    },
    "f1": {
      "mean": 0.8521685402719885,
      "std": 0.05461306021619642
    },
    "precision": {
      "mean": 0.7510917187387776,
      "std": 0.07888004861803803
    },
    "sensitivity": {
      "mean": 0.990909090909091,
      "std": 0.02727272727272728
    },
    "specificity": {
      "mean": 0.6606060606060608,
      "std": 0.14151872034952265
    },
    "roc_auc": {
      "mean": 0.9136707988980716,
      "std": 0.05173204449685371
    },
    "mcc": {
      "mean": 0.6923127625323106,
      "std": 0.12073622709281424
    }
  }
}