{
  "model": "logistic_regression",
  "n_components": 400,
  "n_folds": 10,
  "n_samples": 223,
  "n_positive": 111,
  "n_negative": 112,
  "best_params": {
    "model__C": 0.1
  },
  "metrics": {
    "accuracy": {
      "mean": 0.9328063241106719,
      "std": 0.04554896534668122
    },
    "f1": {
      "mean": 0.9338697534349707,
      "std": 0.04638289542007964
    },
    "precision": {
      "mean": 0.9155244755244756,
      "std": 0.051115081008033234
    },
    "sensitivity": {
      "mean": 0.9553030303030303,
      "std": 0.060459102129481135
    },
    "specificity": {
      "mean": 0.9098484848484848,
      "std": 0.05754085864169164
    },
    "roc_auc": {
      "mean": 0.9712809917355372,
      "std": 0.029861626786229528
    },
    "mcc": {
      "mean": 0.8685378809213147,
      "std": 0.09037013031002314
    }
  }
}