{
  "model": "random_forest",
  "n_components": 400,
  "n_folds": 10,
  "n_samples": 223,
  "n_positive": 111,
  "n_negative": 112,
  "best_params": {
    "max_depth": null,
    "n_estimators": 200
  },
  "metrics": {
    "accuracy": {
      "mean": 0.9142292490118578,
      "std": 0.04760508176092437
    },
    "f1": {
      "mean": 0.914459815546772,
      "std": 0.0478839840479423
    },
    "precision": {
      "mean": 0.9125757575757575,
      "std": 0.05312567182095596
    },
    "sensitivity": {
      "mean": 0.918939393939394,
      "std": 0.06356868695696416
    },
    "specificity": {
      "mean": 0.909090909090909,
      "std": 0.05749595745760688
    },
    "roc_auc": {
      "mean": 0.9811983471074379,
      "std": 0.01851784814132653
    },
    "mcc": {
      "mean": 0.8306925450479522,
      "std": 0.09484558856516817
    }
  }
}