{
  "model": "svm",
  "n_components": 400,
  "n_folds": 10,
  "n_samples": 223,
  "n_positive": 111,
  "n_negative": 112,
  "best_params": {
    "model__C": 10,
    "model__gamma": "scale"
  },
  "metrics": {
    "accuracy": {
      "mean": 0.9286561264822135,
      "std": 0.04044822606375084
    },
    "f1": {
      "mean": 0.9227773485096138,
      "std": 0.04873693650195416
    },
    "precision": {
      "mean": 0.9659090909090908,
      "std": 0.041804180791883035
    },
    "sensitivity": {
      "mean": 0.8916666666666668,
      "std": 0.09807900059710396
    },
    "specificity": {
      "mean": 0.9643939393939395,
      "std": 0.04365766525522399
    },
    "roc_auc": {
      "mean": 0.9847796143250689,
      "std": 0.014794985062429737
    },
    "mcc": {
      "mean": 0.8653748179969032,
      "std": 0.07341877859110996
    }
  }
}