{
  "model": "random_forest",
  "n_components": 500,
  "n_folds": 10,
  "n_samples": 223,
  "n_positive": 111,
  "n_negative": 112,
  "best_params": {
    "max_depth": 10,
    "n_estimators": 200
  },
  "metrics": {
    "accuracy": {
      "mean": 0.9235177865612647,
      "std": 0.04024105605532661
    },
    "f1": {
      "mean": 0.9240850743459438,
      "std": 0.03969415845440732
    },
    "precision": {
      "mean": 0.9264219114219114,
      "std": 0.0648671513372328
    },
    "sensitivity": {
      "mean": 0.9280303030303031,
      "std": 0.06786542752715498
    },
    "specificity": {
      "mean": 0.9181818181818182,
      "std": 0.0755147623901643
    },
    "roc_auc": {
      "mean": 0.9896694214876032,
      "std": 0.015063606737732613
    },
    "mcc": {
      "mean": 0.852690811778467,
      "std": 0.07937204928879836
    }
  }
}