{
  "model": "gradient_boosting",
  "n_components": 500,
  "n_folds": 10,
  "n_samples": 223,
  "n_positive": 111,
  "n_negative": 112,
  "best_params": {
    "learning_rate": 0.1,
    "n_estimators": 200
  },
  "metrics": {
    "accuracy": {
      "mean": 0.8648221343873518,
      "std": 0.050549635664025816
    },
    "f1": {
      "mean": 0.8671635610766046,
      "std": 0.05080223498066525
    },
    "precision": {
      "mean": 0.8487606837606837,
      "std": 0.05500697264191673
    },
    "sensitivity": {
      "mean": 0.8916666666666666,
      "std": 0.07945882728910475
    },
    "specificity": {
      "mean": 0.8386363636363636,
      "std": 0.0686055854464753
    },
    "roc_auc": {
      "mean": 0.962947658402204,
      "std": 0.01796662873340253
    },
    "mcc": {
      "mean": 0.7349812024571027,
      "std": 0.10064191855268882
    }
  }
}