{
  "model": "gradient_boosting",
  "n_components": 1000,
  "n_folds": 10,
  "n_samples": 223,
  "n_positive": 111,
  "n_negative": 112,
  "best_params": {
    "learning_rate": 0.2,
    "n_estimators": 200
  },
  "metrics": {
    "accuracy": {
      "mean": 0.8701581027667984,
      "std": 0.07895275467830809
    },
    "f1": {
      "mean": 0.8782924901185771,
      "std": 0.07021816457079931
    },
    "precision": {
      "mean": 0.8371045621045621,
      "std": 0.08881972449995075
    },
    "sensitivity": {
      "mean": 0.9280303030303031,
      "std": 0.06786542752715498
    },
    "specificity": {
      "mean": 0.8121212121212121,
      "std": 0.1174511210683848
    },
    "roc_auc": {
      "mean": 0.9551652892561984,
      "std": 0.030503422681988412
    },
    "mcc": {
      "mean": 0.7486346843769578,
      "std": 0.15482286549768468
    }
  }
}