{
  "model": "svm",
  "n_components": 500,
  "n_folds": 10,
  "n_samples": 223,
  "n_positive": 111,
  "n_negative": 112,
  "best_params": {
    "model__C": 10,
    "model__gamma": "scale"
  },
  "metrics": {
    "accuracy": {
      "mean": 0.9373517786561265,
      "std": 0.0359015362913856
    },
    "f1": {
      "mean": 0.9333908387569714,
      "std": 0.04090538536015058
    },
    "precision": {
      "mean": 0.9742424242424242,
      "std": 0.03939393939393941
    },
    "sensitivity": {
      "mean": 0.9007575757575756,
      "std": 0.07564006037003386
    },
    "specificity": {
      "mean": 0.9734848484848484,
      "std": 0.04054976876082619
    },
    "roc_auc": {
      "mean": 0.9896694214876032,
      "std": 0.012015883464222837
    },
    "mcc": {
      "mean": 0.8807035333401245,
      "std": 0.06602609158105109
    }
  }
}