{
  "model": "knn",
  "n_components": 1000,
  "n_folds": 10,
  "n_samples": 223,
  "n_positive": 111,
  "n_negative": 112,
  "best_params": {
    "model__n_neighbors": 3
  },
  "metrics": {
    "accuracy": {
      "mean": 0.8116600790513834,
      "std": 0.059486166007905156
    },
    "f1": {
      "mean": 0.8428913729948212,
      "std": 0.04176952835618613
    },
    "precision": {
      "mean": 0.7306704733175321,
      "std": 0.06169332579412829
    },
    "sensitivity": {
      "mean": 1.0,
      "std": 0.0
    },
    "specificity": {
      "mean": 0.625,
      "std": 0.11732644999218461
    },
    "roc_auc": {
      "mean": 0.8948002754820935,
      "std": 0.05390746460194376
    },
    "mcc": {
      "mean": 0.6746400282729758,
      "std": 0.0930373170855538
    }
  }
}