{
  "model": "naive_bayes",
  "n_components": 500,
  "n_folds": 10,
  "n_samples": 223,
  "n_positive": 111,
  "n_negative": 112,
  "best_params": {
    "var_smoothing": 1e-09
  },
  "metrics": {
    "accuracy": {
      "mean": 0.7039525691699604,
      "std": 0.1179919688115509
    },
    "f1": {
      "mean": 0.6489650810743824,
      "std": 0.14645478120131178
    },
    "precision": {
      "mean": 0.7817063492063492,
      "std": 0.1444109120767297
    },
    "sensitivity": {
      "mean": 0.568939393939394,
      "std": 0.17089841198100952
    },
    "specificity": {
      "mean": 0.8371212121212122,
      "std": 0.12108184286744363
    },
    "roc_auc": {
      "mean": 0.7455922865013773,
      "std": 0.14498544009137634
    },
    "mcc": {
      "mean": 0.42807048125232505,
      "std": 0.23660128949551243
    }
  }
}