{
  "model": "naive_bayes",
  "n_components": 400,
  "n_folds": 10,
  "n_samples": 223,
  "n_positive": 111,
  "n_negative": 112,
  "best_params": {
    "var_smoothing": 1e-09
  },
  "metrics": {
    "accuracy": {
      "mean": 0.7039525691699605,
      "std": 0.12313315607712488
    },
    "f1": {
      "mean": 0.6495066310276971,
      "std": 0.1515191421129236
    },
    "precision": {
      "mean": 0.7786904761904762,
      "std": 0.14882466060580943
    },
    "sensitivity": {
      "mean": 0.568939393939394,
      "std": 0.17089841198100952
    },
    "specificity": {
      "mean": 0.8371212121212122,
      "std": 0.12108184286744363
    },
    "roc_auc": {
      "mean": 0.734504132231405,
      "std": 0.14323496019819357
    },
    "mcc": {
      "mean": 0.4264654215368216,
      "std": 0.24725868059395076
    }
  }
}