{
  "model": "naive_bayes",
  "n_components": 1000,
  "n_folds": 10,
  "n_samples": 223,
  "n_positive": 111,
  "n_negative": 112,
  "best_params": {
    "var_smoothing": 1e-09
  },
  "metrics": {
    "accuracy": {
      "mean": 0.7219367588932808,
      "std": 0.1139103073678529
    },
    "f1": {
      "mean": 0.6617513033921703,
      "std": 0.1481998897289677
    },
    "precision": {
      "mean": 0.8208225108225109,
      "std": 0.14160601951419427
    },
    "sensitivity": {
      "mean": 0.568939393939394,
      "std": 0.17089841198100952
    },
    "specificity": {
      "mean": 0.8734848484848484,
      "std": 0.10936675982340324
    },
    "roc_auc": {
      "mean": 0.781404958677686,
      "std": 0.14843729273672615
    },
    "mcc": {
      "mean": 0.4700151771935867,
      "std": 0.22700840672601397
    }
  }
}